date,department,metal_type,issue_weight_g,return_weight_g
2026-09-01,Casting,14K Gold,1247.599,1241.049
2026-09-01,Filing,18K Gold,746.935,740.126
2026-09-01,Assembly,18K Gold,738.35,732.921
2026-09-01,Diamond Setting,18K Gold,536.197,535.593
2026-09-01,Final Polish,18K Gold,609.319,602.892
2026-09-01,Polish Repair,Silver 925,212.249,210.548
2026-09-01,Plating,Silver 925,572.471,571.869
2026-09-02,Casting,18K Gold,994.733,981.112
2026-09-02,Filing,18K Gold,1018.884,1007.96
2026-09-02,Assembly,18K Gold,507.657,504.316
2026-09-02,Diamond Setting,14K Gold,337.098,336.63
2026-09-02,Final Polish,Silver 925,801.863,791.227
2026-09-02,Polish Repair,14K Gold,191.885,191.142
2026-09-02,Plating,Silver 925,339.4,338.982
2026-09-03,Casting,Silver 925,1232.964,1216.175
2026-09-03,Filing,Silver 925,715.373,709.252
2026-09-03,Assembly,18K Gold,513.949,512.029
2026-09-03,Diamond Setting,14K Gold,642.127,639.259
2026-09-03,Final Polish,14K Gold,638.987,631.497
2026-09-03,Polish Repair,Silver 925,132.531,131.804
2026-09-03,Plating,Silver 925,433.489,432.257
2026-09-04,Casting,Silver 925,849.982,840.335
2026-09-04,Filing,14K Gold,1037.476,1027.82
2026-09-04,Assembly,Silver 925,534.974,530.934
2026-09-04,Diamond Setting,18K Gold,522.78,520.826
2026-09-04,Final Polish,14K Gold,614.524,610.659
2026-09-04,Polish Repair,Silver 925,180.233,179.609
2026-09-04,Plating,Silver 925,738.184,737.234
2026-09-05,Casting,Silver 925,1149.462,1119.576
2026-09-05,Filing,18K Gold,875.311,866.454
2026-09-05,Assembly,Silver 925,772.494,768.451
2026-09-05,Diamond Setting,14K Gold,533.834,531.383
2026-09-05,Final Polish,18K Gold,680.998,670.799
2026-09-05,Polish Repair,18K Gold,201.905,201.171
2026-09-05,Plating,18K Gold,730.551,729.907
2026-09-06,Casting,18K Gold,1354.456,1341.966
2026-09-06,Filing,14K Gold,830.86,820.252
2026-09-06,Assembly,18K Gold,664.557,659.356
2026-09-06,Diamond Setting,Silver 925,572.113,571.279
2026-09-06,Final Polish,14K Gold,875.439,864.131
2026-09-06,Polish Repair,14K Gold,122.31,121.571
2026-09-06,Plating,Silver 925,301.623,300.928
2026-09-07,Casting,18K Gold,984.372,974.523
2026-09-07,Filing,Silver 925,904.609,896.602
2026-09-07,Assembly,Silver 925,549.222,546.018
2026-09-07,Diamond Setting,18K Gold,379.564,378.617
2026-09-07,Final Polish,Silver 925,769.69,759.678
2026-09-07,Polish Repair,14K Gold,283.699,281.658
2026-09-07,Plating,14K Gold,309.738,308.864
2026-09-08,Casting,Silver 925,967.617,960.448
2026-09-08,Filing,14K Gold,1168.17,1158.024
2026-09-08,Assembly,Silver 925,808.012,801.655
2026-09-08,Diamond Setting,14K Gold,606.334,605.416
2026-09-08,Final Polish,Silver 925,973.424,966.137
2026-09-08,Polish Repair,18K Gold,274.487,272.851
2026-09-08,Plating,Silver 925,764.457,762.631
2026-09-09,Casting,Silver 925,940.806,933.169
2026-09-09,Filing,Silver 925,989.927,978.538
2026-09-09,Assembly,18K Gold,625.743,623.561
2026-09-09,Diamond Setting,18K Gold,435.234,433.775
2026-09-09,Final Polish,Silver 925,794.22,789.403
2026-09-09,Polish Repair,18K Gold,226.221,225.18
2026-09-09,Plating,18K Gold,729.818,729.324
2026-09-10,Casting,Silver 925,994.934,985.13
2026-09-10,Filing,Silver 925,679.387,668.867
2026-09-10,Assembly,14K Gold,688.106,685.727
2026-09-10,Diamond Setting,18K Gold,622.999,621.902
2026-09-10,Final Polish,14K Gold,829.491,821.869
2026-09-10,Polish Repair,Silver 925,193.405,191.838
2026-09-10,Plating,18K Gold,626.728,625.402
2026-09-11,Casting,18K Gold,1081.835,1072.755
2026-09-11,Filing,14K Gold,749.194,742.06
2026-09-11,Assembly,14K Gold,470.091,468.633
2026-09-11,Diamond Setting,14K Gold,399.923,398.046
2026-09-11,Final Polish,18K Gold,904.011,891.623
2026-09-11,Polish Repair,18K Gold,110.118,109.017
2026-09-11,Plating,18K Gold,784.498,782.289
2026-09-12,Casting,18K Gold,916.418,907.385
2026-09-12,Filing,18K Gold,1118.79,1093.058
2026-09-12,Assembly,14K Gold,589.487,584.823
2026-09-12,Diamond Setting,14K Gold,670.607,667.83
2026-09-12,Final Polish,Silver 925,711.504,701.105
2026-09-12,Polish Repair,18K Gold,232.374,230.885
2026-09-12,Plating,Silver 925,448.354,447.044
2026-09-13,Casting,14K Gold,1315.016,1307.639
2026-09-13,Filing,Silver 925,634.299,626.26
2026-09-13,Assembly,18K Gold,859.694,855.235
2026-09-13,Diamond Setting,18K Gold,684.312,683.408
2026-09-13,Final Polish,18K Gold,534.261,530.729
2026-09-13,Polish Repair,Silver 925,180.755,179.021
2026-09-13,Plating,Silver 925,423.108,422.268
2026-09-14,Casting,Silver 925,857.388,847.465
2026-09-14,Filing,18K Gold,913.67,899.529
2026-09-14,Assembly,14K Gold,734.863,732.008
2026-09-14,Diamond Setting,14K Gold,458.314,456.624
2026-09-14,Final Polish,18K Gold,728.612,718.148
2026-09-14,Polish Repair,Silver 925,101.863,101.114
2026-09-14,Plating,18K Gold,798.048,797.503
2026-09-15,Casting,14K Gold,1154.119,1146.82
2026-09-15,Filing,14K Gold,1128.519,1111.553
2026-09-15,Assembly,Silver 925,542.494,539.983
2026-09-15,Diamond Setting,Silver 925,581.416,579.412
2026-09-15,Final Polish,Silver 925,764.47,755.288
2026-09-15,Polish Repair,18K Gold,159.876,158.654
2026-09-15,Plating,Silver 925,432.233,431.055
2026-09-16,Casting,Silver 925,1187.257,1178.087
2026-09-16,Filing,Silver 925,726.378,718.574
2026-09-16,Assembly,14K Gold,717.119,714.549
2026-09-16,Diamond Setting,18K Gold,400.449,398.594
2026-09-16,Final Polish,14K Gold,546.149,540.79
2026-09-16,Polish Repair,18K Gold,108.817,108.236
2026-09-16,Plating,Silver 925,618.557,617.843
2026-09-17,Casting,Silver 925,1109.285,1095.911
2026-09-17,Filing,Silver 925,605.802,600.591
2026-09-17,Assembly,14K Gold,851.964,847.471
2026-09-17,Diamond Setting,18K Gold,533.004,532.155
2026-09-17,Final Polish,18K Gold,520.914,516.079
2026-09-17,Polish Repair,18K Gold,279.785,278.534
2026-09-17,Plating,Silver 925,633.467,632.59
2026-09-18,Casting,Silver 925,1418.894,1406.033
2026-09-18,Filing,18K Gold,1049.687,1033.515
2026-09-18,Assembly,18K Gold,832.303,825.763
2026-09-18,Diamond Setting,Silver 925,652.566,651.849
2026-09-18,Final Polish,14K Gold,962.244,932.414
2026-09-18,Polish Repair,18K Gold,260.447,258.09
2026-09-18,Plating,18K Gold,433.403,432.333
2026-09-19,Casting,14K Gold,1067.779,1062.027
2026-09-19,Filing,14K Gold,733.46,722.801
2026-09-19,Assembly,18K Gold,574.829,570.849
2026-09-19,Diamond Setting,14K Gold,389.169,387.752
2026-09-19,Final Polish,14K Gold,664.131,654.98
2026-09-19,Polish Repair,Silver 925,170.229,169.111
2026-09-19,Plating,18K Gold,790.575,789.12
2026-09-20,Casting,18K Gold,880.739,867.789
2026-09-20,Filing,18K Gold,948.354,933.305
2026-09-20,Assembly,Silver 925,454.201,452.108
2026-09-20,Diamond Setting,Silver 925,614.571,612.884
2026-09-20,Final Polish,18K Gold,557.823,549.96
2026-09-20,Polish Repair,18K Gold,150.945,149.743
2026-09-20,Plating,Silver 925,559.96,558.551
2026-09-21,Casting,Silver 925,1303.601,1287.411
2026-09-21,Filing,Silver 925,718.221,709.997
2026-09-21,Assembly,Silver 925,860.385,855.447
2026-09-21,Diamond Setting,14K Gold,639.206,636.727
2026-09-21,Final Polish,14K Gold,753.561,744.517
2026-09-21,Polish Repair,18K Gold,180.48,179.565
2026-09-21,Plating,14K Gold,395.92,395.064
2026-09-22,Casting,Silver 925,1274.123,1256.25
2026-09-22,Filing,18K Gold,941.463,930.873
2026-09-22,Assembly,Silver 925,551.937,550.137
2026-09-22,Diamond Setting,14K Gold,542.665,541.423
2026-09-22,Final Polish,14K Gold,721.08,715.367
2026-09-22,Polish Repair,Silver 925,258.747,256.232
2026-09-22,Plating,Silver 925,384.846,384.572
2026-09-23,Casting,18K Gold,1264.698,1236.875
2026-09-23,Filing,Silver 925,1091.054,1075.769
2026-09-23,Assembly,18K Gold,555.21,551.413
2026-09-23,Diamond Setting,14K Gold,309.77,309.157
2026-09-23,Final Polish,14K Gold,805.637,795.231
2026-09-23,Polish Repair,18K Gold,182.888,181.533
2026-09-23,Plating,14K Gold,659.173,658.211
2026-09-24,Casting,18K Gold,970.789,959.566
2026-09-24,Filing,18K Gold,1135.596,1118.694
2026-09-24,Assembly,Silver 925,789.21,786.595
2026-09-24,Diamond Setting,18K Gold,507.183,506.574
2026-09-24,Final Polish,18K Gold,958.735,951.935
2026-09-24,Polish Repair,Silver 925,260.283,258.286
2026-09-24,Plating,14K Gold,597.726,596.007
2026-09-25,Casting,Silver 925,1228.857,1213.874
2026-09-25,Filing,14K Gold,856.044,842.985
2026-09-25,Assembly,14K Gold,848.604,843.12
2026-09-25,Diamond Setting,Silver 925,480.028,478.104
2026-09-25,Final Polish,14K Gold,638.656,630.354
2026-09-25,Polish Repair,18K Gold,225.35,224.241
2026-09-25,Plating,14K Gold,656.772,656.059
2026-09-26,Casting,18K Gold,1023.797,1013.148
2026-09-26,Filing,18K Gold,690.498,682.858
2026-09-26,Assembly,14K Gold,753.21,751.413
2026-09-26,Diamond Setting,18K Gold,432.353,431.115
2026-09-26,Final Polish,Silver 925,603.417,597.515
2026-09-26,Polish Repair,Silver 925,289.212,288.305
2026-09-26,Plating,14K Gold,490.191,489.939
2026-09-27,Casting,14K Gold,1009.029,1000.049
2026-09-27,Filing,Silver 925,922.932,910.124
2026-09-27,Assembly,14K Gold,848.906,844.721
2026-09-27,Diamond Setting,14K Gold,474.334,473.805
2026-09-27,Final Polish,Silver 925,834.437,823.436
2026-09-27,Polish Repair,18K Gold,133.009,132.175
2026-09-27,Plating,14K Gold,790.361,788.91
2026-09-28,Casting,18K Gold,1214.325,1200.202
2026-09-28,Filing,14K Gold,985.65,976.695
2026-09-28,Assembly,14K Gold,490.865,489.117
2026-09-28,Diamond Setting,14K Gold,384.664,383.776
2026-09-28,Final Polish,14K Gold,639.128,629.822
2026-09-28,Polish Repair,18K Gold,150.454,149.916
2026-09-28,Plating,14K Gold,674.512,674.087
2026-09-29,Casting,Silver 925,956.956,951.515
2026-09-29,Filing,18K Gold,624.155,619.007
2026-09-29,Assembly,18K Gold,499.68,498.62
2026-09-29,Diamond Setting,18K Gold,395.418,394.274
2026-09-29,Final Polish,Silver 925,781.985,775.759
2026-09-29,Polish Repair,Silver 925,151.249,147.014
2026-09-29,Plating,18K Gold,603.624,602.194
2026-09-30,Casting,14K Gold,1344.454,1335.53
2026-09-30,Filing,14K Gold,664.859,659.404
2026-09-30,Assembly,14K Gold,687.898,682.774
2026-09-30,Diamond Setting,18K Gold,458.662,456.892
2026-09-30,Final Polish,18K Gold,796.049,785.322
2026-09-30,Polish Repair,Silver 925,120.38,119.368
2026-09-30,Plating,Silver 925,600.206,599.724
